<?xml version="1.0" encoding="UTF-8"?>
<!DOCTYPE mapper
        PUBLIC "-//mybatis.org//DTD Mapper 3.0//EN"
        "http://mybatis.org/dtd/mybatis-3-mapper.dtd">
<mapper namespace="com.itheima.dao.AccountDao">

    <!--配置根据id查询-->
    <select id="findById" resultType="account" parameterType="int">
        select * from account where id = #{id}
    </select>

    <!--配置查询所有-->
    <select id="findAll" resultType="account">
        select * from account
    </select>

    <!--配置保存-->
    <insert id="save" parameterType="account">
        insert into account(name,money)values(#{name},#{money})
    </insert>

    <!--配置删除-->
    <delete id="delete" parameterType="int">
        delete from account where id = #{id}
    </delete>

    <!--配置根据名称查询-->
    <select id="findByName" resultType="account" parameterType="string">
        select * from account where name = #{name}
    </select>
    <!--配置更新-->
    <update id="update" parameterType="account">
        update account set name=#{name},money=#{money} where id=#{id}
    </update>
</mapper>